City Name,Temperature,Humidity,Cloudiness,Wind Speed,Country,Latitude,Longitude,Date
Puerto Ayora,82.4,74,75,9.17,EC,-0.74,-90.35,1551740400
Kaeo,78.37,51,0,5.99,NZ,-35.1,173.78,1551744485
Punta Arenas,44.46,100,40,23.04,CL,-53.16,-70.91,1551744808
Castro,53.6,81,75,12.75,CL,-42.48,-73.76,1551740400
Saldanha,40.76,84,48,2.93,PT,41.42,-6.55,1551744883
Bluff,81.13,54,64,14.67,AU,-23.58,149.07,1551745033
Nalut,44.59,74,0,4.94,LY,31.86,10.98,1551745033
Khatanga,3.82,80,64,10.76,RU,71.98,102.47,1551744850
Mount Gambier,64.39,80,88,3.6,AU,-37.83,140.78,1551745036
Busselton,64.44,44,0,26.87,AU,-33.64,115.35,1551744913
Mataura,79.01,51,0,22.5,NZ,-46.19,168.86,1551744813
Arraial do Cabo,80.77,90,76,12.44,BR,-22.97,-42.02,1551744806
Albany,19.87,52,1,13.87,US,42.65,-73.75,1551744742
Half Moon Bay,54.79,76,90,6.93,US,37.46,-122.43,1551745037
Ribeira Grande,60.29,99,44,41.07,PT,38.52,-28.7,1551743653
Ushuaia,49.24,57,75,11.41,AR,-54.81,-68.31,1551740400
Butaritari,82.93,100,76,19.48,KI,3.07,172.79,1551745039
Mehamn,16.38,85,75,26.4,NO,71.03,27.85,1551741600
Kaitangata,68.0,72,0,3.0,NZ,-46.28,169.85,1551744569
Yar-Sale,2.2,85,80,13.22,RU,66.83,70.83,1551745040
Norman Wells,23.0,79,75,3.36,CA,65.28,-126.83,1551740400
Nikolskoye,26.38,92,75,6.71,RU,59.7,30.79,1551744634
Severo-Kurilsk,23.12,100,64,8.3,RU,50.68,156.12,1551744990
Ucluelet,42.39,38,75,5.82,CA,48.94,-125.55,1551744683
Vaini,56.69,86,0,1.03,IN,15.34,74.49,1551744842
Klyuchevskiy,10.16,69,0,3.83,RU,53.53,119.45,1551745043
Nanortalik,24.25,100,36,6.62,GL,60.14,-45.24,1551745043
Dikson,3.01,91,80,27.31,RU,73.51,80.55,1551744928
Gari,6.79,76,48,5.73,RU,59.43,62.35,1551745044
Jamestown,68.8,100,44,4.27,AU,-33.21,138.6,1551744817
Buchanan,77.0,94,20,5.17,LR,5.88,-10.05,1551744000
Shimoda,50.86,81,40,22.73,JP,34.7,138.93,1551744911
Cidreira,78.25,77,0,16.24,BR,-30.17,-50.22,1551744801
Hermanus,61.56,90,68,3.83,ZA,-34.42,19.24,1551745044
Hithadhoo,82.97,100,92,4.38,MV,-0.6,73.08,1551744976
Royal Tunbridge Wells,40.8,80,0,9.17,GB,51.14,0.27,1551745044
Tuktoyaktuk,12.2,85,20,11.41,CA,69.44,-133.03,1551740400
Kamenka,30.0,76,88,8.19,RU,53.19,44.05,1551743545
Saskylakh,-19.32,27,44,7.18,RU,71.97,114.09,1551744862
Hobart,68.59,55,75,5.82,AU,-42.88,147.33,1551744440
Gimbi,48.82,91,36,2.26,ET,8.81,37.79,1551745048
Wanning,40.37,65,90,24.16,AT,48.64,13.53,1551745025
West Wendover,41.0,56,75,4.7,US,40.74,-114.07,1551740160
Maniitsoq,11.24,76,20,4.61,GL,65.42,-52.9,1551745049
Yaan,78.07,81,20,10.09,NG,7.38,8.57,1551745050
Spring Valley,30.61,46,20,13.87,US,41.11,-74.04,1551745043
Kyshtovka,16.06,86,68,12.77,RU,56.56,76.62,1551745051
Santa Rosa,67.31,42,0,6.17,AR,-36.62,-64.29,1551744822
Lorengau,82.12,100,24,6.73,PG,-2.02,147.27,1551744859
Georgetown,78.62,78,75,6.93,GY,6.8,-58.16,1551740400
Quatre Cocos,77.22,78,40,3.36,MU,-20.21,57.76,1551744845
Naze,74.02,92,64,3.15,NG,5.43,7.07,1551744984
Chokurdakh,-15.27,68,48,3.38,RU,70.62,147.9,1551745056
Qaanaaq,-8.16,92,24,5.61,GL,77.48,-69.36,1551745057
Cherskiy,2.69,75,48,7.63,RU,68.75,161.3,1551744812
Provideniya,30.2,80,75,6.71,RU,64.42,-173.23,1551742200
Bredasdorp,62.33,68,12,3.36,ZA,-34.53,20.04,1551745044
Peru,12.02,56,75,23.04,US,41.33,-89.13,1551744854
Avarua,84.2,58,88,10.29,CK,-21.21,-159.78,1551742200
Kodiak,11.61,19,1,14.99,US,39.95,-94.76,1551744826
Sur,67.31,100,0,9.64,OM,22.57,59.53,1551745060
Caravelas,81.76,100,88,10.76,BR,-17.73,-39.27,1551745061
Maceio,77.0,88,40,3.36,BR,-9.67,-35.74,1551740400
Marica,79.77,78,75,8.05,BR,-22.92,-42.82,1551744326
Mabay,82.4,54,20,11.41,CU,20.35,-76.78,1551739800
Luderitz,65.65,72,0,20.71,NA,-26.65,15.16,1551745062
Onega,15.16,89,76,7.52,RU,63.91,38.09,1551745062
Doclin,50.79,66,0,9.17,RO,45.3,21.65,1551745025
Hilo,68.04,56,90,9.17,US,19.71,-155.08,1551744868
Teguise,64.4,63,75,11.41,ES,29.06,-13.56,1551744000
Rikitea,81.71,96,20,14.0,PF,-23.12,-134.97,1551745064
Port Alfred,66.0,94,44,4.0,ZA,-33.59,26.89,1551744871
Sterling,32.59,57,1,10.29,US,39.0,-77.4,1551744725
Lovozero,-9.73,48,8,3.94,RU,68.01,35.02,1551745064
Ponta do Sol,66.82,87,92,4.05,BR,-20.63,-46.0,1551745065
Tasiilaq,14.0,72,0,2.24,GL,65.61,-37.64,1551743400
Narsaq,26.6,58,0,3.36,GL,60.91,-46.05,1551743400
Havelock,45.34,75,1,3.36,US,34.88,-76.9,1551744816
Coquimbo,66.2,72,0,5.82,CL,-29.95,-71.34,1551740400
Jacareacanga,81.44,73,0,3.38,BR,-6.22,-57.76,1551745066
Vuktyl,-5.59,67,44,2.37,RU,63.86,57.31,1551745067
Moctezuma,75.77,15,0,2.59,MX,29.81,-109.68,1551745067
Torbay,23.92,92,90,21.92,CA,47.66,-52.73,1551744516
Grindavik,26.94,79,20,8.05,IS,63.84,-22.43,1551744555
Diego de Almagro,68.39,66,0,2.82,CL,-26.39,-70.05,1551745068
Omboue,83.02,100,68,11.77,GA,-1.57,9.26,1551745069
Benghazi,60.02,100,0,11.32,LY,32.12,20.07,1551745069
Mahebourg,77.36,83,40,4.7,MU,-20.41,57.7,1551744546
Faya,58.06,33,0,5.82,SA,18.39,42.45,1551740400
Kapaa,70.39,56,90,18.34,US,22.08,-159.32,1551744798
Bethel,36.93,86,90,16.11,US,60.79,-161.76,1551743760
Souillac,45.84,87,0,10.29,FR,45.6,-0.6,1551744911
Bambous Virieux,77.11,78,40,3.36,MU,-20.34,57.76,1551744845
La Joya,59.62,86,76,2.48,MX,19.61,-97.03,1551745072
Ilulissat,12.2,78,75,4.7,GL,69.22,-51.1,1551743400
San Patricio,81.26,51,12,5.17,PY,-26.98,-56.83,1551745073
Yellowknife,12.11,61,20,19.46,CA,62.45,-114.38,1551744195
Kavieng,83.96,100,92,4.83,PG,-2.57,150.8,1551744852
Tianpeng,50.35,100,92,9.53,CN,28.88,112.34,1551745074
Puerto Escondido,84.2,70,40,11.41,MX,15.86,-97.07,1551739200
Kluczbork,46.03,62,48,20.94,PL,50.97,18.21,1551745075
Awjilah,48.73,86,0,8.19,LY,29.14,21.3,1551744955
Cooma,68.0,60,75,9.17,AU,-36.24,149.13,1551740400
Angoche,79.33,100,88,15.23,MZ,-16.23,39.91,1551745076
Le Moule,73.4,88,90,10.29,GP,16.33,-61.35,1551742200
Perama,38.28,9,0,1.59,GR,39.69,20.85,1551745011
Luoyang,40.76,83,64,3.15,CN,34.66,112.42,1551745077
Inhambane,81.31,91,100,9.86,MZ,-23.87,35.38,1551745077
Puerto Narino,78.8,94,75,3.36,CO,-3.77,-70.38,1551740400
Mayumba,81.22,96,76,8.52,GA,-3.44,10.65,1551745016
Vaitape,82.93,100,12,7.18,PF,-16.52,-151.75,1551745079
Gamba,-8.29,52,32,2.15,CN,28.28,88.52,1551745079
East London,71.95,100,88,17.92,ZA,-33.02,27.91,1551745080
Kieta,82.93,95,68,3.38,PG,-6.22,155.63,1551745080
Poum,17.86,76,0,1.81,MK,41.28,20.71,1551745081
Sambava,78.97,100,68,5.17,MG,-14.27,50.17,1551745081
Koslan,-1.23,77,56,5.95,RU,63.46,48.9,1551745082
Vestmannaeyjar,28.39,100,36,7.63,IS,63.44,-20.27,1551745082
Dunedin,75.77,69,20,8.08,NZ,-45.87,170.5,1551744829
Kahului,70.48,47,40,19.46,US,20.89,-156.47,1551744680
Fort Wellington,80.36,90,48,16.69,GY,6.4,-57.6,1551745083
Saryozek,30.59,97,92,3.15,KZ,44.36,77.98,1551745084
Matamoros,38.16,93,90,16.11,US,25.87,-97.51,1551745003
Carnarvon,63.76,55,0,11.77,ZA,-30.97,22.13,1551744900
Cape Town,62.8,82,0,11.41,ZA,-33.93,18.42,1551745052
Ovre Ardal,21.14,85,88,1.92,NO,61.32,7.8,1551745085
Jaguarao,76.27,74,68,3.71,BR,-32.57,-53.38,1551745086
Ixtapa,78.04,78,20,9.17,MX,20.71,-105.21,1551744935
Moosomin,11.47,78,36,17.25,CA,50.14,-101.67,1551745087
Tacoronte,59.41,87,0,6.93,ES,28.48,-16.41,1551745069
Kudahuvadhoo,83.2,98,68,6.4,MV,2.67,72.89,1551745087
Batagay,-21.34,60,56,3.15,RU,67.65,134.64,1551745088
Ponta Delgada,58.71,93,75,27.51,PT,37.73,-25.67,1551745080
Zhigansk,-1.68,69,76,5.61,RU,66.77,123.37,1551745003
Seoul,37.44,86,90,1.12,KR,37.57,126.98,1551743400
Sobolevo,40.31,95,92,14.67,RU,54.43,31.9,1551745089
Airai,76.09,81,8,1.59,TL,-8.93,125.41,1551745089
Sorland,30.46,100,56,15.23,NO,67.67,12.69,1551745013
Moron,71.77,85,8,3.38,VE,10.49,-68.2,1551745090
Basco,14.36,56,1,11.41,US,40.33,-91.2,1551745017
Piacabucu,79.01,83,48,6.73,BR,-10.41,-36.43,1551745091
New Norfolk,69.04,55,75,5.82,AU,-42.78,147.06,1551745039
Tromso,2.88,92,90,10.29,NO,69.65,18.96,1551744774
San Quintin,70.69,70,0,4.27,PH,17.54,120.52,1551745092
Kruisfontein,60.92,83,0,7.85,ZA,-34.0,24.73,1551744991
Lang Son,71.14,97,100,6.73,VN,21.83,106.73,1551745093
Fort Nelson,24.8,49,20,8.05,CA,58.81,-122.69,1551740400
Clyde River,-4.01,83,75,4.7,CA,70.47,-68.59,1551744000
Saint-Leu,74.46,61,90,8.05,RE,-21.15,55.28,1551744939
Svetlogorsk,14.0,85,90,4.47,RU,53.14,59.15,1551742200
Suibara,45.82,70,40,6.93,JP,37.83,139.23,1551744815
Sao Miguel do Araguaia,76.72,89,36,2.71,BR,-13.28,-50.16,1551745095
Richards Bay,72.31,98,92,13.22,ZA,-28.77,32.06,1551745095
Puri,80.6,94,20,2.24,ID,-7.54,112.45,1551742200
Betzdorf,42.64,65,75,17.22,DE,50.79,7.87,1551745057
Esperance,77.27,73,20,12.75,TT,10.24,-61.45,1551744991
Lata,26.95,91,0,2.04,IN,30.78,78.62,1551744850
Westport,41.18,88,56,13.0,IE,53.8,-9.52,1551745094
Barcelona,51.6,67,20,9.17,ES,41.38,2.18,1551744883
Sabang,77.84,90,92,10.76,PH,13.72,123.58,1551745098
Vila Franca do Campo,58.89,93,75,27.51,PT,37.72,-25.43,1551745080
Mar del Plata,59.39,49,48,16.91,AR,-46.43,-67.52,1551745099
Ayan,16.87,64,0,1.7,TR,40.67,33.6,1551744952
Lavrentiya,30.82,97,88,12.44,RU,65.58,-170.99,1551745099
Olinda,81.14,74,75,8.05,EC,-2.03,-79.75,1551744907
Onalaska,4.24,71,1,18.34,US,43.88,-91.23,1551745040
Yaqui,80.6,34,75,6.93,MX,27.37,-110.17,1551739560
Saint-Pierre,41.43,80,75,18.34,FR,48.95,4.24,1551744725
Lagoa,56.41,93,75,4.7,PT,37.14,-8.45,1551745027
Caucaia,81.5,78,75,6.93,BR,-3.73,-38.66,1551745094
Bilma,53.95,23,0,9.19,NE,18.69,12.92,1551745102
Oberstdorf,36.28,68,80,2.24,DE,47.41,10.28,1551745077
Lebu,48.14,93,32,2.59,ET,8.96,38.73,1551745102
Codrington,77.95,73,40,4.27,AU,-28.95,153.24,1551744704
Baykit,21.1,82,68,4.94,RU,61.68,96.39,1551744925
Tsuyama,40.5,93,20,6.93,JP,35.14,134.03,1551744895
Ariquemes,83.2,63,20,3.71,BR,-9.91,-63.03,1551744957
Namibe,77.53,100,32,5.06,AO,-15.19,12.15,1551745104
Pasighat,51.29,98,92,1.7,IN,28.06,95.33,1551745104
Mandalgovi,8.99,67,0,3.71,MN,45.76,106.27,1551745105
Marawi,77.0,74,12,5.99,PH,8.0,124.29,1551744923
Tarko-Sale,1.99,85,80,1.01,RU,64.92,77.78,1551744809
Anadyr,30.09,86,40,31.32,RU,64.73,177.51,1551744809
High Level,21.2,44,5,9.17,CA,58.52,-117.13,1551744000
Cabo San Lucas,76.1,47,5,5.82,MX,22.89,-109.91,1551744639
Bubaque,79.69,85,0,13.0,GW,11.28,-15.83,1551745107
Solnechnyy,14.98,75,0,4.72,RU,50.72,136.64,1551745107
Ugoofaaru,83.69,97,100,7.63,MV,5.67,73.0,1551745108
Nurota,35.6,93,0,2.24,UZ,40.56,65.69,1551742200
Viedma,64.61,41,0,7.96,AR,-40.81,-62.99,1551745108
Turayf,44.6,87,0,3.36,SA,31.68,38.65,1551740400
Beyneu,26.59,83,88,5.73,KZ,45.32,55.19,1551745109
Namtsy,1.4,84,0,6.71,RU,62.72,129.66,1551742200
Pevek,3.86,88,48,5.95,RU,69.7,170.27,1551745110
Margate,69.04,55,75,5.82,AU,-43.03,147.26,1551745039
Hirekerur,64.57,95,0,5.39,IN,14.47,75.38,1551745110
Dingle,77.57,80,32,13.78,PH,11.0,122.67,1551744836
Barrow,63.04,46,0,5.61,AR,-38.31,-60.23,1551745111
Rome,51.93,76,20,10.29,IT,41.89,12.48,1551745024
Hay River,14.0,78,90,12.75,CA,60.82,-115.79,1551744000
Yenotayevka,35.09,89,92,16.13,RU,47.24,47.04,1551745113
Yulara,86.0,20,0,8.05,AU,-25.24,130.99,1551740400
Thompson,3.2,59,75,10.29,CA,55.74,-97.86,1551742140
Ancud,53.6,81,75,12.75,CL,-41.87,-73.83,1551740400
Vao,30.1,96,92,9.86,EE,59.1,26.19,1551745114
Labuhan,77.62,88,32,2.71,ID,-2.54,115.51,1551745114
Linjiang,24.34,67,8,2.71,CN,41.81,126.91,1551745114
Elko,35.19,69,90,3.36,US,40.83,-115.76,1551745004
Hambantota,76.99,100,32,1.7,LK,6.12,81.12,1551745115
Aleksandrovskiy Zavod,9.58,69,12,3.71,RU,50.92,117.94,1551745115
Pitanga,69.88,91,24,4.5,BR,-24.76,-51.76,1551745116
Turukhansk,24.52,88,76,17.25,RU,65.8,87.96,1551744962
Poya,78.52,92,20,8.75,NC,-21.35,165.16,1551745116
Kuzedeyevo,21.64,70,64,4.83,RU,53.33,87.2,1551745117
Constitucion,81.77,6,5,18.34,MX,23.99,-104.67,1551744615
Klaksvik,39.2,98,80,18.34,FO,62.23,-6.59,1551741600
Gweta,80.95,50,100,9.53,BW,-20.21,25.26,1551745118
Pangnirtung,-0.41,64,75,3.36,CA,66.15,-65.72,1551740400
Chuy,79.6,64,80,8.08,UY,-33.69,-53.46,1551744846
Savalou,82.61,55,0,10.2,BJ,7.93,1.98,1551745119
Victoria,78.64,78,75,3.36,BN,5.28,115.24,1551742200
The Pas,12.2,61,90,11.41,CA,53.82,-101.24,1551744000
Rio Gallegos,51.8,32,20,17.22,AR,-51.62,-69.22,1551740400
Tabuk,66.55,78,0,2.37,PH,17.41,121.44,1551744889
Mattru,78.07,68,0,6.06,SL,7.62,-11.83,1551745121
Henties Bay,68.0,84,20,5.99,NA,-22.12,14.28,1551744125
Flinders,78.06,64,0,5.82,AU,-34.58,150.85,1551745112
Balasore,69.97,100,76,3.38,IN,21.5,86.92,1551745122
Kanpur,64.4,82,40,2.24,IN,26.46,80.32,1551742200
Villa Carlos Paz,68.92,88,20,8.05,AR,-31.42,-64.5,1551744366
Astoria,43.75,36,1,12.75,US,46.19,-123.83,1551745113
Hualmay,73.48,74,20,3.71,PE,-11.1,-77.61,1551745123
Bend,19.62,73,90,5.82,US,44.06,-121.32,1551744977
Plavinas,44.68,94,32,10.65,LV,56.62,25.73,1551744923
Upernavik,9.94,100,88,5.06,GL,72.79,-56.15,1551745124
Harper,33.04,53,90,11.41,US,30.3,-99.24,1551745053
Sereflikochisar,30.91,100,0,3.27,TR,38.94,33.54,1551745125
Phangnga,71.82,88,20,2.24,TH,8.45,98.53,1551742200
Warmbad,38.12,56,0,12.75,DE,50.67,13.08,1551745116
Portland,40.87,28,1,20.8,US,45.52,-122.67,1551741966
Chapais,1.4,59,90,4.7,CA,49.78,-74.86,1551744000
Antofagasta,69.8,73,20,13.87,CL,-23.65,-70.4,1551740400
Port Lincoln,66.37,96,88,9.64,AU,-34.72,135.86,1551745098
Podor,63.44,26,0,6.29,MR,16.65,-14.96,1551745128
Faanui,82.93,100,36,6.4,PF,-16.48,-151.75,1551744847
Atuona,81.62,100,36,14.67,PF,-9.8,-139.03,1551745129
Borovskoy,15.79,77,0,14.0,KZ,53.8,64.15,1551745130
Mont-de-Marsan,48.85,71,0,5.82,FR,43.89,-0.5,1551745085
Dalnegorsk,35.5,47,12,3.15,RU,44.56,135.58,1551745130
Jatai,47.42,93,0,2.82,IN,28.97,76.18,1551745131
Batagay-Alyta,-19.63,26,24,5.61,RU,67.8,130.41,1551744968
Leningradskiy,11.69,100,92,4.38,RU,69.38,178.42,1551744981
Pisco,71.6,30,0,19.46,PE,-13.71,-76.2,1551740400
Matay,52.96,55,12,3.49,EG,28.42,30.79,1551745009
Lakes Entrance,69.06,88,92,4.5,AU,-37.88,147.99,1551744938
Fort Saint James,20.65,47,0,3.15,CA,54.43,-124.25,1551745133
Galle,35.22,40,90,14.99,US,29.74,-97.91,1551745132
San Blas,80.6,39,5,8.05,MX,21.54,-105.29,1551743340
Port Blair,71.6,94,20,7.52,IN,11.67,92.75,1551740400
Sinnamary,79.91,90,92,12.21,GF,5.38,-52.96,1551745135
Acapulco,82.4,74,20,9.17,MX,16.86,-99.88,1551739620
Adrar,62.6,18,0,10.29,DZ,27.87,-0.29,1551740400
Geneva,38.73,52,40,6.93,FR,46.2,6.15,1551744847
Denpasar,82.4,83,20,2.24,ID,-8.65,115.22,1551742200
Deep River,13.05,36,40,9.17,CA,46.1,-77.49,1551745032
Itarema,75.64,97,88,3.94,BR,-2.92,-39.92,1551744901
Saint-Philippe,18.72,48,1,19.46,CA,45.36,-73.48,1551745136
Port Hedland,91.4,49,0,6.93,AU,-20.31,118.58,1551742200
Tiksi,-12.21,57,0,9.31,RU,71.64,128.87,1551745141
Opuwo,61.42,59,12,2.71,NA,-18.06,13.84,1551745142
Port Elizabeth,33.78,47,1,8.05,US,39.31,-74.98,1551744866
Yomou,77.26,46,32,4.16,GN,7.57,-9.26,1551745142
Jerome,56.23,36,40,6.93,US,34.75,-112.11,1551745111
Puerto Baquerizo Moreno,80.6,88,75,5.82,EC,-0.9,-89.6,1551740400
La Ronge,21.2,44,5,11.41,CA,55.1,-105.3,1551740400
Shingu,48.2,61,20,18.34,JP,33.72,135.99,1551740400
Healdsburg,54.77,62,90,6.93,US,38.61,-122.87,1551745136
San Nicolas,82.79,46,56,2.82,HN,14.94,-88.33,1551745156
Wladyslawowo,42.96,75,75,23.04,PL,54.79,18.4,1551744671
Port Hardy,42.8,41,20,6.93,CA,50.7,-127.42,1551740400
Agropoli,51.85,10,68,3.0,IT,40.35,15.0,1551745143
Visby,39.4,93,8,19.46,SE,57.64,18.3,1551745013
Fuxin,38.65,54,64,7.18,CN,42.02,121.65,1551745159
Saint George,43.16,75,0,2.37,GR,39.45,22.34,1551744814
Mumford,80.32,90,24,7.18,GH,5.26,-0.76,1551745160
Crotone,55.52,100,0,8.41,IT,39.09,17.12,1551745161
College,26.69,62,20,5.39,US,64.86,-147.8,1551744845
Bara,76.72,33,24,9.42,NG,10.41,10.6,1551745161
Oistins,77.0,83,40,21.92,BB,13.07,-59.53,1551740400
Kabalo,68.26,100,92,4.16,CD,-6.05,26.92,1551745162
Northam,39.92,93,40,5.82,GB,51.04,-4.21,1551744728
Hays,12.18,56,1,6.93,US,38.88,-99.33,1551744989
Bilibino,-4.51,75,44,2.71,RU,68.06,166.44,1551745163
Nhulunbuy,80.6,78,75,14.99,AU,-12.18,136.78,1551743640
Emerald,82.13,51,76,11.41,AU,-23.53,148.16,1551745146
Talaya,32.5,93,75,13.42,RU,55.79,84.89,1551744919
Cherrapunji,56.92,100,92,1.92,IN,25.28,91.72,1551745165
West Bay,39.36,93,40,5.82,GB,50.71,-2.76,1551745103
Esso,-0.01,84,0,2.82,RU,55.93,158.7,1551745166
Moose Factory,1.4,77,90,4.7,CA,51.26,-80.61,1551744000
Asheboro,39.22,56,1,6.93,US,35.71,-79.81,1551745142
Meulaboh,78.02,100,32,6.06,ID,4.14,96.13,1551745167
Cayenne,78.8,78,76,4.7,GF,4.94,-52.33,1551742200
Dudinka,20.42,88,68,18.92,RU,69.41,86.18,1551745168
Stokmarknes,12.47,84,44,4.0,NO,68.56,14.91,1551744963
Drnovice,44.31,93,0,3.36,CZ,49.18,17.96,1551745149
Aklavik,25.48,63,5,11.41,CA,68.22,-135.01,1551740400
Starosubkhangulovo,16.69,84,80,5.39,RU,53.1,57.43,1551745170
Iqaluit,-5.44,76,90,1.81,CA,63.75,-68.52,1551744783
Nelson Bay,80.15,51,0,8.05,AU,-32.72,152.14,1551745152
Kentville,24.48,92,75,12.75,CA,45.08,-64.5,1551744607
Skole,52.0,49,12,18.01,UA,49.04,23.51,1551744970
Poronaysk,18.67,72,0,5.39,RU,49.22,143.1,1551745171
Kungurtug,4.81,68,64,2.48,RU,50.6,97.53,1551745172
Igrim,9.31,82,64,4.72,RU,63.19,64.42,1551745172
Vanavara,20.56,91,80,4.38,RU,60.35,102.28,1551745173
Longyearbyen,-2.21,77,40,4.7,NO,78.22,15.63,1551743400
Jiayuguan,9.44,74,24,2.59,CN,39.77,98.29,1551745173
Mandali,40.99,77,0,3.49,IQ,33.75,45.55,1551745174
Hofn,33.88,100,32,21.5,IS,64.25,-15.21,1551744884
Gazojak,29.65,84,20,3.94,TM,41.19,61.4,1551745175
Havre-Saint-Pierre,19.4,85,90,13.87,CA,50.23,-63.6,1551744660
Oshawa,13.28,51,75,9.17,CA,43.92,-78.86,1551745145
Panaba,87.47,42,32,6.96,MX,21.28,-88.27,1551745176
Belmonte,46.99,83,56,2.59,PT,40.36,-7.35,1551744076
Morada Nova,71.32,97,88,3.49,BR,-5.1,-38.37,1551745180
Puerto Ayacucho,93.2,44,40,2.93,CO,5.66,-67.63,1551740400
Kanuma,44.41,92,0,3.6,JP,36.58,139.64,1551745181
Palana,11.02,75,76,5.5,RU,59.08,159.95,1551745129
Astana,5.0,84,0,17.9,KZ,51.13,71.43,1551742200
Zhezkazgan,7.91,79,24,9.19,KZ,47.8,67.71,1551745182
Mundo Novo,79.24,75,24,10.54,BR,-23.94,-54.29,1551745182
Tessalit,57.64,27,0,6.4,ML,20.2,1.01,1551745183
Vavuniya,73.39,95,24,4.72,LK,8.76,80.5,1551745183
Yakeshi,19.66,77,76,9.42,CN,49.28,120.73,1551745183
Bugene,60.43,95,36,2.93,TZ,-1.59,31.14,1551745184
Umm Lajj,54.4,100,0,4.38,SA,25.02,37.27,1551745185
Boali,75.2,94,20,3.36,CF,4.81,18.11,1551740400
Porto Novo,73.4,78,75,1.12,BR,-23.68,-45.44,1551740400
Makakilo City,72.97,47,75,10.29,US,21.35,-158.09,1551745169
Tougue,63.89,39,20,5.95,GN,11.45,-11.68,1551745186
Harwich,35.08,69,90,3.36,US,41.69,-70.08,1551744962
Cristalina,71.68,82,100,4.27,BR,-16.77,-47.61,1551745071
Manggar,76.81,98,8,3.15,ID,-2.88,108.27,1551745188
Luang Prabang,63.58,89,0,2.37,LA,19.89,102.14,1551744993
Dzilam Gonzalez,89.59,39,80,4.94,MX,21.28,-88.93,1551745188
Capreol,3.74,77,75,9.17,CA,46.71,-80.92,1551745036
Maraba,78.8,100,0,4.7,BR,-5.35,-49.1,1551740400
Yumen,19.79,77,12,5.95,CN,40.29,97.04,1551745189
Terney,34.37,74,20,3.15,RU,45.05,136.61,1551745189
Verkhnevilyuysk,10.21,86,48,6.73,RU,63.45,120.31,1551745035
Tuensang,44.68,85,0,3.04,IN,26.24,94.81,1551745190
Khuzhir,6.07,82,0,3.38,RU,53.19,107.35,1551745191
Blackwater,39.2,80,20,13.87,GB,51.33,-0.78,1551745152
Brae,42.8,87,56,10.29,GB,60.4,-1.35,1551741600
Stantsionno-Oyashinskiy,31.94,95,68,15.23,RU,55.47,83.82,1551745192
Barabai,77.39,93,48,2.48,ID,-2.59,115.38,1551745192
Totskoye,23.12,93,92,5.17,RU,52.53,52.75,1551745193
Mao,79.36,58,20,12.75,DO,19.55,-71.08,1551745025
Vapnyarka,33.01,81,24,10.76,UA,48.53,28.74,1551744974
Prado,81.76,99,76,7.18,BR,-17.34,-39.22,1551745070
Rajgarh,53.77,66,0,8.3,IN,24.01,76.73,1551745195
Cockburn Town,79.01,95,0,14.12,TC,21.46,-71.14,1551745195
San Jose,71.72,84,12,3.15,PH,15.79,120.99,1551745091
Banikoara,72.13,39,0,4.5,BJ,11.3,2.44,1551745197
Marsh Harbour,78.56,93,0,8.52,BS,26.54,-77.06,1551745106
Kokkola,9.37,91,0,5.82,FI,63.84,23.13,1551745061
Entebbe,72.71,100,56,3.49,UG,0.06,32.45,1551745026
Bakchar,31.76,91,80,7.29,RU,57.02,82.07,1551745203
Sokoni,67.99,80,76,4.83,CD,-12.89,28.78,1551745203
Camacha,61.56,82,40,5.82,PT,33.08,-16.33,1551742200
Nanga Eboko,69.29,97,76,6.62,CM,4.68,12.37,1551745204
Tuatapere,69.74,68,0,18.92,NZ,-46.13,167.69,1551745205
Maltahohe,67.31,35,0,9.42,NA,-24.83,16.98,1551745205
Boda,55.4,100,40,4.5,BD,26.2,88.56,1551742200
Camocim,73.97,99,92,4.38,BR,-2.9,-40.84,1551745206
Paamiut,26.59,100,68,13.89,GL,61.99,-49.67,1551744945
Saint Peter,5.02,77,90,17.22,US,44.32,-93.96,1551745207
Port Macquarie,80.89,54,56,11.41,AU,-31.43,152.91,1551744845
Tual,82.93,100,76,8.75,ID,-5.67,132.75,1551745208
Hojai,53.5,97,36,1.7,IN,26.0,92.85,1551745209
Boca do Acre,76.27,94,36,0.81,BR,-8.76,-67.39,1551745209
Gimli,10.0,74,44,8.99,CA,50.63,-96.99,1551745206
Trincomalee,71.59,93,20,2.93,LK,8.58,81.23,1551744941
Vila Velha,81.5,78,75,6.93,BR,-3.71,-38.6,1551745094
Orchard Homes,17.15,52,1,5.82,US,46.86,-114.05,1551745016
Manono,67.54,100,88,4.27,CD,-7.3,27.4,1551745211
Selikhino,12.46,72,0,2.71,RU,50.37,137.51,1551745212
Coihaique,50.45,54,75,5.82,CL,-45.58,-72.07,1551740400
Talnakh,21.14,84,80,17.58,RU,69.49,88.39,1551745213
Lunenburg,30.34,58,90,12.75,US,42.59,-71.72,1551745210
Inirida,83.2,65,0,3.6,CO,3.87,-67.92,1551745213
Carballo,49.19,87,20,10.29,ES,43.21,-8.69,1551744933
Xai-Xai,80.27,94,8,13.44,MZ,-25.04,33.64,1551745214
Fairbanks,27.14,62,20,5.39,US,64.84,-147.72,1551744845
Voznesenye,15.11,89,92,8.19,RU,61.02,35.48,1551745215
Excelsior Springs,15.57,36,1,5.82,US,39.34,-94.23,1551745202
Abu Zabad,69.07,27,0,9.64,SD,12.35,29.25,1551745216
Bandarbeyla,78.47,100,92,12.77,SO,9.49,50.81,1551745216
Micheweni,84.1,100,0,6.73,TZ,-4.97,39.83,1551745217
La Palma,70.6,95,36,1.36,CO,5.36,-74.39,1551745219
Ginir,59.84,75,56,4.38,ET,7.14,40.71,1551745219
Los Llanos de Aridane,60.8,67,0,8.05,ES,28.66,-17.92,1551744000
Sao Joao da Barra,78.8,88,20,5.82,BR,-21.64,-41.05,1551740400
Kibala,86.0,48,0,6.85,TD,9.11,18.35,1551744000
Kumluca,35.99,97,88,1.48,TR,36.37,30.29,1551745221
Sijunjung,67.27,93,20,1.59,ID,-0.69,100.95,1551745222
Rundu,77.21,53,56,2.37,NA,-17.91,19.77,1551745226
Srednekolymsk,-10.68,71,88,3.6,RU,67.46,153.71,1551745226
Brewster,35.2,69,90,3.36,US,41.76,-70.08,1551744990
Warren,10.92,51,90,12.75,US,42.48,-83.03,1551745090
Bajos de Haina,79.47,65,20,2.93,DO,18.41,-70.03,1551744811
Ambon,47.03,87,75,6.93,FR,47.55,-2.56,1551744873
Samarai,78.92,100,64,2.71,PG,-10.62,150.67,1551745228
Barinas,84.77,53,0,6.17,VE,8.64,-70.23,1551745228
Mitu,25.01,80,36,2.71,IR,36.2,46.09,1551745229
Vilyuysk,8.32,80,68,6.29,RU,63.75,121.63,1551745229
Lagos,82.4,88,20,3.36,NG,6.46,3.39,1551740400
Staritsa,32.44,97,80,10.76,RU,56.51,34.93,1551745231
Paka,50.0,53,0,12.75,HR,45.29,18.06,1551742200
Ostrovnoy,-2.31,68,8,12.33,RU,68.05,39.51,1551745232
Sibolga,66.59,100,0,2.37,ID,1.74,98.78,1551745232
Sumenep,82.39,100,68,4.61,ID,-7.02,113.87,1551745233
Luganville,83.24,95,92,8.19,VU,-15.51,167.18,1551745233
Kurchum,23.35,87,92,6.85,KZ,48.57,83.65,1551745233
Ahuimanu,72.86,47,75,18.34,US,21.44,-157.84,1551745224
Katsuura,47.01,65,20,6.93,JP,33.93,134.5,1551743683
Kamina,67.04,91,24,3.94,CD,-8.74,25.0,1551745237
Deputatskiy,-28.41,42,20,2.82,RU,69.3,139.9,1551745237
Ponot,78.7,88,0,7.4,PH,8.45,123.02,1551745239
Petropavlovsk-Kamchatskiy,17.6,44,0,2.24,RU,53.05,158.65,1551742200
Songea,63.49,92,32,2.15,TZ,-10.68,35.65,1551745239
Cartagena,56.79,87,0,1.12,ES,37.63,-1.0,1551744936
Moranbah,79.24,55,8,14.56,AU,-22.0,148.04,1551745240
Buin,75.43,33,0,5.82,CL,-33.73,-70.74,1551744988
Banda Aceh,72.31,98,20,1.14,ID,5.56,95.32,1551745241
Jidong,34.78,59,20,3.15,CN,45.25,131.14,1551745242
Wajima,42.8,87,20,2.24,JP,37.4,136.9,1551740400
Sistranda,27.27,67,0,11.41,NO,63.73,8.83,1551744988
The Valley,77.45,73,40,12.75,AI,18.22,-63.06,1551744166
Belyy Yar,23.0,92,76,4.47,RU,53.6,91.39,1551742200
Bambanglipuro,73.93,100,24,4.16,ID,-7.95,110.28,1551744814
Geraldton,1.4,70,90,5.82,CA,49.72,-86.95,1551744000
Corrientes,78.8,69,20,13.87,AR,-27.47,-58.83,1551740400
Belen,51.94,100,75,5.73,TR,36.49,36.19,1551744970
Novyy Urengoy,12.86,87,68,19.82,RU,66.08,76.63,1551745253
Granville,44.4,81,0,16.11,FR,48.84,-1.6,1551745182
Dalnerechensk,32.62,57,32,3.38,RU,45.93,133.72,1551745255
Shubarkuduk,27.26,91,92,15.57,KZ,49.15,56.49,1551745255
Sangar,-12.43,57,36,1.14,RU,63.92,127.47,1551745256
Laguna,80.6,34,75,6.93,MX,27.52,-110.01,1551739560
Gat,66.2,59,0,17.22,SN,14.69,-16.54,1551744000
Sitka,18.0,58,0,5.01,US,37.17,-99.65,1551744097
Shitanjing,12.37,61,0,1.48,CN,39.23,106.34,1551745257
Muros,49.41,93,90,5.82,ES,42.77,-9.06,1551744753
Saltillo,66.24,76,5,9.17,MX,25.42,-100.99,1551745248
Shahr-e Babak,24.92,62,0,2.82,IR,30.12,55.12,1551745258
Taunggyi,50.89,84,0,3.27,MM,20.78,97.03,1551745259
Bereda,48.47,81,20,10.29,ES,43.27,-7.54,1551745205
Samana,78.71,74,0,2.24,EC,0.12,-76.97,1551740400
Le Cannet,53.98,32,0,9.17,FR,43.58,7.02,1551745237
Vanimo,83.11,98,56,13.33,PG,-2.67,141.3,1551745027
Brawley,71.98,32,1,4.7,US,32.98,-115.53,1551745033
Lensk,11.02,75,24,6.85,RU,60.71,114.91,1551745262
Lethem,88.24,43,8,14.79,GY,3.38,-59.8,1551745262
Salisbury,38.66,86,76,18.34,GB,51.07,-1.8,1551745057
Yerbogachen,13.81,83,36,6.73,RU,61.28,108.01,1551745263
Bulaevo,18.94,89,68,14.23,KZ,54.91,70.44,1551745264
Pandharpur,58.76,73,0,2.82,IN,17.68,75.33,1551745264
Tiarei,87.8,66,20,5.82,PF,-17.53,-149.33,1551742200
Sept-Iles,24.62,92,90,11.41,CA,50.2,-66.38,1551744798
Bathsheba,77.0,83,40,21.92,BB,13.22,-59.52,1551740400
Bartlesville,23.77,38,75,10.29,US,36.75,-95.98,1551745204
Aksu,12.2,85,0,15.66,KZ,52.04,76.93,1551742200
Nuuk,24.8,58,75,8.05,GL,64.17,-51.74,1551743400
Sarkand,33.56,97,88,5.95,KZ,45.41,79.91,1551745268
Husavik,10.0,74,44,8.99,CA,50.56,-96.99,1551745206
Manokwari,81.62,96,8,5.17,ID,-0.87,134.08,1551745269
Duvan,13.49,77,48,5.5,RU,55.69,57.9,1551744838
Berlevag,12.97,85,75,26.4,NO,70.86,29.09,1551741600
Harta,48.42,61,90,16.11,HU,46.69,19.03,1551745240
Avera,46.69,61,40,4.7,US,33.19,-82.53,1551745240
Saint Anthony,27.12,50,1,3.36,US,43.97,-111.68,1551745058
Paratinga,77.08,76,36,3.71,BR,-12.69,-43.18,1551745033
Kavaratti,81.17,100,12,10.2,IN,10.57,72.64,1551745273
Batemans Bay,75.74,83,68,1.01,AU,-35.71,150.18,1551744926
Kilrush,40.37,93,20,8.05,IE,51.96,-8.06,1551745251
Alofi,84.2,66,75,16.11,NU,-19.06,-169.92,1551740400
Bitung,78.8,78,20,2.24,ID,1.44,125.19,1551742200
Gazanjyk,38.74,96,56,3.38,TM,39.24,55.52,1551745274
Syracuse,15.66,57,40,20.8,US,43.05,-76.15,1551744981
Raudeberg,34.75,69,32,3.36,NO,61.99,5.14,1551745203
Gopalpur,58.04,89,0,2.93,IN,25.6,86.94,1551745277
Ponnani,77.0,83,40,3.36,IN,10.77,75.93,1551742200
Delijan,22.67,79,0,2.59,IR,33.99,50.69,1551745278
Byron Bay,79.18,61,75,13.87,AU,-28.65,153.62,1551745221
Cam Ranh,71.6,88,20,4.7,VN,11.92,109.15,1551742200
Shahpur,54.89,86,0,2.71,IN,22.19,77.91,1551745280
Dwarka,57.2,100,40,3.36,IN,28.58,77.04,1551742200
Puerto Madero,70.14,64,20,2.24,AR,-34.61,-58.36,1551745203
Regeneracao,71.68,97,92,7.52,BR,-6.24,-42.69,1551745083
Rio Grande,81.4,68,68,16.8,BR,-32.03,-52.1,1551745281
Narasimharajapura,62.95,96,0,2.82,IN,13.61,75.51,1551745282
Ikalamavony,58.31,92,12,2.37,MG,-21.17,46.6,1551745283
Carutapera,78.07,92,80,5.95,BR,-1.2,-46.02,1551745283
Havoysund,16.77,72,75,31.09,NO,71.0,24.66,1551741600
Clearwater,64.44,88,90,8.05,US,27.97,-82.8,1551745275
Clemson,40.84,56,90,6.93,US,34.69,-82.84,1551745034
Raffadali,46.81,94,0,6.4,IT,37.4,13.53,1551745273
Mezen,7.51,81,36,6.17,RU,65.85,44.24,1551745285
Namatanai,84.37,95,68,6.17,PG,-3.66,152.44,1551744949
Bumba,75.28,80,20,4.72,CD,2.18,22.47,1551745286
Misasi,65.24,95,56,7.18,TZ,-3.01,33.09,1551745286
Xining,13.54,84,76,2.37,CN,36.62,101.77,1551745286
Hasaki,47.66,75,20,10.29,JP,35.73,140.83,1551745176
Shipitsyno,-2.44,70,20,8.19,RU,61.28,46.52,1551745288
Beringovskiy,31.27,86,0,17.13,RU,63.05,179.32,1551744916
Quelimane,75.32,97,92,14.67,MZ,-17.88,36.89,1551745289
Tomohon,78.8,78,20,2.24,ID,1.33,124.84,1551742200
Taltal,64.79,78,0,2.48,CL,-25.41,-70.49,1551744820
Camacupa,62.27,94,68,4.94,AO,-12.02,17.48,1551745290
Santiago,74.34,33,0,5.82,CL,-33.44,-70.65,1551745113
Manavalakurichi,82.4,78,20,3.36,IN,8.13,77.3,1551742200
Billings,8.58,60,1,17.22,US,45.79,-108.5,1551745002
